{"stats":{"minecraft:killed_by":{"minecraft:player":1},"minecraft:dropped":{"minecraft:wheat_seeds":5},"minecraft:used":{"minecraft:oak_log":4,"minecraft:apple":1,"minecraft:beef":2,"minecraft:birch_planks":15,"minecraft:oak_planks":12},"minecraft:mined":{"minecraft:short_grass":35,"minecraft:oak_log":7,"minecraft:tall_grass":17,"minecraft:oak_leaves":46},"minecraft:custom":{"minecraft:time_since_rest":3261,"minecraft:crouch_one_cm":4798,"minecraft:deaths":1,"minecraft:play_time":8069,"minecraft:sprint_one_cm":32683,"minecraft:damage_taken":396,"minecraft:walk_one_cm":15913,"minecraft:sneak_time":1689,"minecraft:walk_under_water_one_cm":574,"minecraft:drop":2,"minecraft:jump":295,"minecraft:damage_dealt":174,"minecraft:time_since_death":3232,"minecraft:walk_on_water_one_cm":477,"minecraft:total_world_time":8069,"minecraft:swim_one_cm":6360,"minecraft:fall_one_cm":9769,"minecraft:fly_one_cm":38635},"minecraft:picked_up":{"minecraft:salmon":1,"minecraft:apple":1,"minecraft:wheat_seeds":5,"minecraft:birch_planks":15,"minecraft:beef":2,"minecraft:oak_log":7,"minecraft:oak_sapling":2},"minecraft:crafted":{"minecraft:oak_planks":12}},"DataVersion":3953}