{"stats":{"minecraft:mined":{"minecraft:birch_log":6,"minecraft:iron_ore":3,"minecraft:birch_leaves":1,"minecraft:short_grass":22,"minecraft:grass_block":1,"minecraft:oak_log":34,"minecraft:dirt":2,"minecraft:tall_grass":7,"minecraft:stone":12,"minecraft:oak_leaves":9},"minecraft:killed":{"minecraft:salmon":1,"minecraft:cow":1},"minecraft:custom":{"minecraft:time_since_rest":11220,"minecraft:interact_with_furnace":3,"minecraft:sprint_one_cm":27818,"minecraft:damage_taken":474,"minecraft:walk_one_cm":36384,"minecraft:mob_kills":2,"minecraft:damage_dealt":303,"minecraft:swim_one_cm":901,"minecraft:interact_with_crafting_table":11,"minecraft:fly_one_cm":50196,"minecraft:player_kills":1,"minecraft:crouch_one_cm":1848,"minecraft:play_time":18728,"minecraft:deaths":1,"minecraft:sneak_time":538,"minecraft:walk_under_water_one_cm":949,"minecraft:jump":462,"minecraft:leave_game":3,"minecraft:walk_on_water_one_cm":2403,"minecraft:time_since_death":11186,"minecraft:total_world_time":18728,"minecraft:fall_one_cm":21038},"minecraft:crafted":{"minecraft:oak_planks":120,"minecraft:crafting_table":2,"minecraft:stick":12,"minecraft:iron_pickaxe":1,"minecraft:iron_ingot":3,"minecraft:wooden_pickaxe":1,"minecraft:stone_pickaxe":1,"minecraft:wooden_axe":2,"minecraft:furnace":1,"minecraft:birch_planks":24,"minecraft:air":0},"minecraft:used":{"minecraft:wooden_axe":33,"minecraft:stone_pickaxe":12,"minecraft:oak_planks":88,"minecraft:wooden_pickaxe":3,"minecraft:cobblestone":1,"minecraft:crafting_table":2,"minecraft:furnace":1,"minecraft:oak_sapling":2},"minecraft:picked_up":{"minecraft:birch_log":6,"minecraft:stick":1,"minecraft:raw_iron":3,"minecraft:salmon":2,"minecraft:oak_log":34,"minecraft:dirt":3,"minecraft:apple":1,"minecraft:wheat_seeds":5,"minecraft:beef":2,"minecraft:oak_sapling":5,"minecraft:cobblestone":12}},"DataVersion":3953}