{"stats":{"minecraft:used":{"minecraft:wooden_axe":4,"minecraft:dirt":2,"minecraft:crafting_table":1,"minecraft:spruce_log":5},"minecraft:crafted":{"minecraft:crafting_table":1,"minecraft:spruce_planks":12,"minecraft:stick":4,"minecraft:wooden_axe":1},"minecraft:picked_up":{"minecraft:spruce_sapling":1,"minecraft:spruce_log":8,"minecraft:dirt":3},"minecraft:mined":{"minecraft:large_fern":2,"minecraft:short_grass":1,"minecraft:grass_block":3,"minecraft:fire":7,"minecraft:spruce_leaves":1,"minecraft:spruce_log":8},"minecraft:custom":{"minecraft:time_since_rest":10391,"minecraft:sprint_one_cm":10422,"minecraft:play_time":10391,"minecraft:walk_one_cm":6567,"minecraft:jump":84,"minecraft:leave_game":4,"minecraft:time_since_death":10391,"minecraft:total_world_time":10391,"minecraft:interact_with_crafting_table":1,"minecraft:fall_one_cm":1045,"minecraft:fly_one_cm":15023}},"DataVersion":3953}