{"stats":{"minecraft:mined":{"minecraft:large_fern":2,"minecraft:short_grass":1,"minecraft:grass_block":1,"minecraft:fire":7,"minecraft:spruce_log":8,"minecraft:spruce_leaves":1},"minecraft:custom":{"minecraft:time_since_rest":10161,"minecraft:sprint_one_cm":10422,"minecraft:play_time":10161,"minecraft:walk_one_cm":5971,"minecraft:jump":83,"minecraft:leave_game":2,"minecraft:time_since_death":10161,"minecraft:total_world_time":10161,"minecraft:interact_with_crafting_table":1,"minecraft:fall_one_cm":1045,"minecraft:fly_one_cm":15023},"minecraft:crafted":{"minecraft:crafting_table":1,"minecraft:spruce_planks":12,"minecraft:stick":4,"minecraft:wooden_axe":1},"minecraft:picked_up":{"minecraft:spruce_sapling":1,"minecraft:spruce_log":8,"minecraft:dirt":1},"minecraft:used":{"minecraft:wooden_axe":4,"minecraft:dirt":1,"minecraft:crafting_table":1,"minecraft:spruce_log":5}},"DataVersion":3953}