{"stats":{"minecraft:used":{"minecraft:wooden_axe":29,"minecraft:crafting_table":1,"minecraft:oak_sapling":2,"minecraft:oak_planks":83},"minecraft:mined":{"minecraft:short_grass":22,"minecraft:oak_log":24,"minecraft:birch_log":6,"minecraft:tall_grass":7,"minecraft:birch_leaves":1,"minecraft:oak_leaves":3},"minecraft:custom":{"minecraft:time_since_rest":2981,"minecraft:deaths":1,"minecraft:crouch_one_cm":1669,"minecraft:play_time":10489,"minecraft:sprint_one_cm":22390,"minecraft:damage_taken":474,"minecraft:walk_one_cm":16287,"minecraft:sneak_time":412,"minecraft:walk_under_water_one_cm":949,"minecraft:mob_kills":2,"minecraft:jump":311,"minecraft:damage_dealt":303,"minecraft:walk_on_water_one_cm":2403,"minecraft:time_since_death":2947,"minecraft:total_world_time":10489,"minecraft:swim_one_cm":901,"minecraft:interact_with_crafting_table":1,"minecraft:fall_one_cm":15670,"minecraft:fly_one_cm":39665,"minecraft:player_kills":1},"minecraft:picked_up":{"minecraft:birch_log":6,"minecraft:stick":1,"minecraft:salmon":2,"minecraft:apple":1,"minecraft:wheat_seeds":5,"minecraft:beef":2,"minecraft:oak_log":24,"minecraft:oak_sapling":4},"minecraft:crafted":{"minecraft:oak_planks":96,"minecraft:birch_planks":24,"minecraft:crafting_table":1,"minecraft:stick":4,"minecraft:wooden_axe":1},"minecraft:killed":{"minecraft:cow":1,"minecraft:salmon":1}},"DataVersion":3953}