{"stats":{"minecraft:used":{"minecraft:wooden_axe":6,"minecraft:dirt":4,"minecraft:crafting_table":1,"minecraft:spruce_log":5},"minecraft:killed_by":{"minecraft:creeper":1},"minecraft:custom":{"minecraft:time_since_rest":18632,"minecraft:sprint_one_cm":20952,"minecraft:play_time":29778,"minecraft:damage_taken":264,"minecraft:walk_one_cm":13613,"minecraft:deaths":1,"minecraft:jump":202,"minecraft:damage_dealt":10,"minecraft:leave_game":9,"minecraft:time_since_death":18603,"minecraft:total_world_time":29778,"minecraft:interact_with_crafting_table":1,"minecraft:fall_one_cm":5916,"minecraft:fly_one_cm":40022},"minecraft:picked_up":{"minecraft:wooden_axe":1,"minecraft:stick":2,"minecraft:spruce_planks":3,"minecraft:spruce_sapling":2,"minecraft:spruce_log":10,"minecraft:snowball":38,"minecraft:dirt":27},"minecraft:mined":{"minecraft:large_fern":2,"minecraft:short_grass":1,"minecraft:grass_block":5,"minecraft:dirt":10,"minecraft:fire":7,"minecraft:spruce_leaves":1,"minecraft:spruce_log":10,"minecraft:fern":1},"minecraft:crafted":{"minecraft:crafting_table":1,"minecraft:spruce_planks":12,"minecraft:stick":4,"minecraft:wooden_axe":1}},"DataVersion":3953}