{"stats":{"minecraft:custom":{"minecraft:time_since_rest":10911,"minecraft:sprint_one_cm":11541,"minecraft:play_time":10911,"minecraft:walk_one_cm":7709,"minecraft:jump":93,"minecraft:leave_game":5,"minecraft:time_since_death":10911,"minecraft:total_world_time":10911,"minecraft:interact_with_crafting_table":1,"minecraft:fall_one_cm":1463,"minecraft:fly_one_cm":16907},"minecraft:picked_up":{"minecraft:spruce_sapling":1,"minecraft:spruce_log":9,"minecraft:dirt":3},"minecraft:mined":{"minecraft:large_fern":2,"minecraft:short_grass":1,"minecraft:grass_block":3,"minecraft:fire":7,"minecraft:spruce_leaves":1,"minecraft:spruce_log":9},"minecraft:crafted":{"minecraft:crafting_table":1,"minecraft:spruce_planks":12,"minecraft:stick":4,"minecraft:wooden_axe":1},"minecraft:used":{"minecraft:wooden_axe":5,"minecraft:dirt":2,"minecraft:crafting_table":1,"minecraft:spruce_log":5}},"DataVersion":3953}