{"stats":{"minecraft:picked_up":{"minecraft:wooden_axe":1,"minecraft:stick":2,"minecraft:spruce_planks":3,"minecraft:spruce_sapling":2,"minecraft:spruce_log":9,"minecraft:snowball":38,"minecraft:dirt":15},"minecraft:crafted":{"minecraft:crafting_table":1,"minecraft:spruce_planks":12,"minecraft:stick":4,"minecraft:wooden_axe":1},"minecraft:used":{"minecraft:wooden_axe":5,"minecraft:dirt":2,"minecraft:crafting_table":1,"minecraft:spruce_log":5},"minecraft:mined":{"minecraft:large_fern":2,"minecraft:short_grass":1,"minecraft:grass_block":3,"minecraft:fire":7,"minecraft:spruce_leaves":1,"minecraft:spruce_log":9,"minecraft:fern":1},"minecraft:killed_by":{"minecraft:creeper":1},"minecraft:custom":{"minecraft:time_since_rest":2082,"minecraft:sprint_one_cm":18693,"minecraft:play_time":13228,"minecraft:deaths":1,"minecraft:damage_taken":264,"minecraft:walk_one_cm":8872,"minecraft:jump":163,"minecraft:damage_dealt":10,"minecraft:leave_game":6,"minecraft:time_since_death":2053,"minecraft:total_world_time":13228,"minecraft:interact_with_crafting_table":1,"minecraft:fall_one_cm":3973,"minecraft:fly_one_cm":34380}},"DataVersion":3953}