{"stats":{"minecraft:mined":{"minecraft:birch_log":6,"minecraft:iron_ore":3,"minecraft:birch_leaves":1,"minecraft:short_grass":25,"minecraft:grass_block":1,"minecraft:oak_log":39,"minecraft:dirt":2,"minecraft:tall_grass":7,"minecraft:stone":12,"minecraft:oak_leaves":9},"minecraft:killed":{"minecraft:zombie":1,"minecraft:salmon":1,"minecraft:cow":1},"minecraft:custom":{"minecraft:time_since_rest":2348,"minecraft:interact_with_furnace":3,"minecraft:sprint_one_cm":32031,"minecraft:damage_taken":539,"minecraft:walk_one_cm":38912,"minecraft:mob_kills":3,"minecraft:damage_dealt":499,"minecraft:swim_one_cm":901,"minecraft:interact_with_crafting_table":11,"minecraft:fly_one_cm":56886,"minecraft:player_kills":1,"minecraft:crouch_one_cm":1848,"minecraft:play_time":21902,"minecraft:deaths":2,"minecraft:sneak_time":538,"minecraft:walk_under_water_one_cm":949,"minecraft:jump":523,"minecraft:leave_game":3,"minecraft:time_since_death":2320,"minecraft:walk_on_water_one_cm":2403,"minecraft:total_world_time":21902,"minecraft:fall_one_cm":22965},"minecraft:crafted":{"minecraft:oak_planks":120,"minecraft:crafting_table":2,"minecraft:stick":12,"minecraft:wooden_pickaxe":1,"minecraft:iron_ingot":3,"minecraft:iron_pickaxe":1,"minecraft:stone_pickaxe":1,"minecraft:wooden_axe":2,"minecraft:furnace":1,"minecraft:birch_planks":24,"minecraft:air":0},"minecraft:used":{"minecraft:wooden_axe":38,"minecraft:stone_pickaxe":12,"minecraft:oak_planks":88,"minecraft:wooden_pickaxe":3,"minecraft:cobblestone":1,"minecraft:crafting_table":2,"minecraft:furnace":1,"minecraft:oak_sapling":2},"minecraft:picked_up":{"minecraft:birch_log":6,"minecraft:stick":1,"minecraft:raw_iron":3,"minecraft:salmon":2,"minecraft:oak_log":39,"minecraft:dirt":3,"minecraft:rotten_flesh":2,"minecraft:apple":1,"minecraft:wheat_seeds":5,"minecraft:beef":2,"minecraft:oak_sapling":5,"minecraft:cobblestone":12}},"DataVersion":3953}