{"stats":{"minecraft:mined":{"minecraft:iron_ore":3,"minecraft:birch_log":6,"minecraft:birch_leaves":1,"minecraft:short_grass":22,"minecraft:grass_block":1,"minecraft:oak_log":29,"minecraft:dirt":2,"minecraft:tall_grass":7,"minecraft:stone":12,"minecraft:oak_leaves":9},"minecraft:killed":{"minecraft:salmon":1,"minecraft:cow":1},"minecraft:custom":{"minecraft:time_since_rest":8817,"minecraft:interact_with_furnace":1,"minecraft:sprint_one_cm":27818,"minecraft:damage_taken":474,"minecraft:walk_one_cm":30841,"minecraft:mob_kills":2,"minecraft:damage_dealt":303,"minecraft:interact_with_crafting_table":5,"minecraft:swim_one_cm":901,"minecraft:fly_one_cm":50091,"minecraft:player_kills":1,"minecraft:crouch_one_cm":1848,"minecraft:play_time":16325,"minecraft:deaths":1,"minecraft:sneak_time":538,"minecraft:walk_under_water_one_cm":949,"minecraft:jump":436,"minecraft:leave_game":2,"minecraft:walk_on_water_one_cm":2403,"minecraft:time_since_death":8783,"minecraft:total_world_time":16325,"minecraft:fall_one_cm":20829},"minecraft:crafted":{"minecraft:oak_planks":108,"minecraft:crafting_table":1,"minecraft:stick":8,"minecraft:stone_pickaxe":1,"minecraft:wooden_pickaxe":1,"minecraft:wooden_axe":1,"minecraft:furnace":1,"minecraft:birch_planks":24},"minecraft:used":{"minecraft:wooden_axe":29,"minecraft:stone_pickaxe":12,"minecraft:oak_planks":87,"minecraft:wooden_pickaxe":3,"minecraft:cobblestone":1,"minecraft:crafting_table":1,"minecraft:furnace":1,"minecraft:oak_sapling":2},"minecraft:picked_up":{"minecraft:birch_log":6,"minecraft:stick":1,"minecraft:raw_iron":3,"minecraft:salmon":2,"minecraft:oak_log":29,"minecraft:dirt":3,"minecraft:apple":1,"minecraft:wheat_seeds":5,"minecraft:beef":2,"minecraft:oak_sapling":5,"minecraft:cobblestone":12}},"DataVersion":3953}